{"loss": [65.39090728759766, 63.02766418457031, 62.88413619995117, 62.85612106323242, 62.82539367675781, 62.79184341430664, 62.79145431518555, 62.78866958618164, 62.76216125488281, 62.78005599975586, 62.74941635131836, 62.73979568481445, 62.76231384277344], "root_mean_squared_error": [8.086463928222656, 7.938996315002441, 7.9299516677856445, 7.92818546295166, 7.9262471199035645, 7.924130439758301, 7.924105644226074, 7.9239301681518555, 7.922257423400879, 7.923386573791504, 7.92145299911499, 7.9208455085754395, 7.922266960144043], "val_loss": [63.18906021118164, 63.015743255615234, 62.933250427246094, 63.06364440917969, 62.95825958251953, 62.95814895629883, 63.009490966796875, 63.17250061035156, 63.04130554199219, 62.9603157043457, 63.005210876464844, 62.9820442199707, 63.03204345703125], "val_root_mean_squared_error": [7.949154376983643, 7.9382452964782715, 7.933048248291016, 7.941262245178223, 7.934624195098877, 7.934617042541504, 7.937851905822754, 7.948112964630127, 7.939855575561523, 7.934753894805908, 7.937582015991211, 7.936122894287109, 7.939271926879883]}